auc,precision,recall,f1,accuracy,model,mcc
0.954,0.9602595296025953,0.9472,0.9536850583971003,0.954,ARS,0.9080839834903693
0.8407999999999999,0.9919168591224018,0.6872,0.8119092627599245,0.8408,JTK,0.7162334876133678
0.6774,1.0,0.3548,0.5237673457336877,0.6774,LS,0.46438956792751357
0.9300999999999999,0.9851116625310173,0.8734,0.9258984416410474,0.9301,meta2d,0.8657848185843976
0.8613,0.884443498616727,0.8312,0.8569955665532529,0.8613,Cosinor,0.7239129353292988
0.9422,0.9080841638981174,0.984,0.944519101555001,0.9422,Cosinor1,0.8875068126720342
0.9508999999999999,0.9797829325388381,0.9208,0.949376224353026,0.9509,Cosinor1(p),0.9034385345695567
0.9462,0.9556781045751634,0.9358,0.9456345998383185,0.9462,Rain,0.8925931066294988
