auc,precision,recall,f1,accuracy,model,mcc
0.9329000000000001,0.918099285300367,0.9506,0.9340670138547705,0.9329,ARS,0.8663430033699068
0.8409999999999999,0.9835507657402155,0.6936,0.8135116115411681,0.841,JTK,0.7137183741294698
0.6744,0.9971493728620296,0.3498,0.5179153094462541,0.6744,LS,0.45857462633084584
0.9176999999999998,0.9565027322404371,0.8752,0.9140469973890339,0.9177,meta2d,0.838434334736916
0.8574999999999999,0.8738757582095796,0.8356,0.854309375319497,0.8575,Cosinor,0.7156868306907432
0.9451,0.965488391549885,0.9232,0.9438707698599325,0.9451,Cosinor1,0.8910551282250345
0.9204,0.8726950354609929,0.9844,0.9251879699248121,0.9204,Cosinor1(amp),0.8477736437004971
0.9388000000000001,0.9400320898515845,0.9374,0.9387141998798317,0.9388,Rain,0.8776034402122285
