auc,precision,recall,f1,accuracy,model,mcc
0.9302999999999998,0.9536158549441281,0.9046,0.9284614595093913,0.9303,ARS,0.8617390929641191
0.7452999999999999,0.9923725411481332,0.4944,0.6599919903884661,0.7453,JTK,0.5671783335676267
0.5,0.0,0.0,0.0,0.5,LS,0.0
0.9047999999999999,0.9737827715355806,0.832,0.8973252804141502,0.9048,meta2d,0.8183203986532206
0.8251,0.892538034291234,0.7392,0.8086642599277979,0.8251,Cosinor,0.6600131755269688
0.9186,0.986065954482118,0.8492,0.912529550827423,0.9186,Cosinor1,0.8453829408237478
0.9446,0.9231062047963456,0.97,0.9459723034913204,0.9446,Cosinor1(amp),0.8903495780083525
0.9296,0.9653379549393414,0.8912,0.9267886855241265,0.9296,Rain,0.8617451483763355
