auc,precision,recall,f1,accuracy,model,mcc
0.9437,0.992234302196583,0.8944,0.9407804775428631,0.9437,ARS,0.8917453433876587
0.753,0.9992107340173638,0.5064,0.6721529068224051,0.753,JTK,0.581665389652335
0.5,0.0,0.0,0.0,0.5,LS,0.0
0.9121999999999999,0.9963872832369942,0.8274,0.9040646853146854,0.9122,meta2d,0.8365186599031975
0.8351,0.8963804116394606,0.7578,0.8212853581879268,0.8351,Cosinor,0.6783557727656079
0.9205,0.9973976815708541,0.8432,0.9138398179256529,0.9205,Cosinor1,0.8512342657354166
0.9719,0.9746529873264936,0.969,0.9718182729916758,0.9719,Cosinor1(amp),0.9438158751165302
0.9415,0.9882769298827693,0.8936,0.938556874277912,0.9415,Rain,0.8870800334463397
