auc,precision,recall,f1,accuracy,model,mcc
0.9991,0.9982032341784788,1.0,0.9991008092716556,0.9991,ARS,0.9982016170879295
0.7822,1.0,0.5644,0.7215545896190233,0.7822,JTK,0.6270133356178561
0.6784,1.0,0.3568,0.5259433962264151,0.6784,LS,0.465979927772281
0.9952000000000001,0.9997981429148163,0.9906,0.995177817962628,0.9952,meta2d,0.9904419163888711
0.9001999999999999,0.9002,0.9002,0.9001999999999999,0.9002,Cosinor,0.8004
0.9922000000000001,0.9846396218983852,1.0,0.9922603691208572,0.9922,Cosinor1,0.9845198036590073
1.0,1.0,1.0,1.0,1.0,Cosinor1(p),1.0
0.9983000000000001,0.9968095712861416,0.9998,0.9983025461807289,0.9983,Rain,0.996604484730272
