"CycID","JTK_pvalue","JTK_BH.Q","JTK_period","JTK_adjphase","JTK_amplitude","LS_pvalue","LS_BH.Q","LS_period","LS_adjphase","LS_amplitude","meta2d_pvalue","meta2d_BH.Q","meta2d_period","meta2d_phase","meta2d_Base","meta2d_AMP","meta2d_rAMP"
"route_0","0","0","28","18","0.00738492721865846","0","0","28","20.6152168241278","0.129739385652448","0","0","28","19.3076084120639","0.121788925755316","0.00883150463309123","0.00883150463309123"
"route_1","0","0","23","17.5","0.00981820023863572","0","0","28","17.963775982176","0.141104379357707","0","0","25.5","17.8810206626912","0.133771445208666","0.00870710484804996","0.00870710484804996"
"route_2","0","0","28","18","0.0145993250122732","0","0","28","18.9676970623261","0.164102152405716","0","0","28","18.483848531163","0.151452844082294","0.0161376891485358","0.0161376891485358"
"route_3","0","0","24","19","0.0216649404926778","0","0","28","19.1479983411783","0.183227265730881","0","0","26","19.1818087536423","0.159074883957126","0.0247027571714614","0.0247027571714614"
"route_4","0","0","28","17","0.0166559878035685","0","0","28","15.2246229451752","0.156089560428257","0","0","28","16.1123114725876","0.143363064224265","0.0167748407385353","0.0167748407385353"
"route_5","0","0","28","18","0.00266747080149029","0","0","28","19.0680066751304","0.0625772808725006","0","0","28","18.5340033375652","0.0590381405426816","0.00394794837897793","0.00394794837897793"
