test,period,n_components,p,q,p_reject,q_reject,RSS,R2,R2_adj,log-likelihood,amplitude,acrophase,mesor,peaks,heights,troughs,heights2,ME,resid_SE
route_0,1440.0,3.0,1.1102230246251565e-16,1.1102230246251565e-16,1.1102230246251565e-16,1.3322676295501878e-16,0.24062189777783713,0.449393721727792,0.4483193680140901,10201.397525818313,0.014834092918533895,2.157289850212811,0.12138394144627605,[475.67567568 945.58558559],[0.12659982 0.13621803],[170.09009009 671.71171171],[0.10655031 0.1200473 ],0.017344591746298987,0.008845960867400969
route_1,1440.0,3.0,1.1102230246251565e-16,1.1102230246251565e-16,1.1102230246251565e-16,1.3322676295501878e-16,0.1436144649849025,0.5196023578082493,0.518665605824775,11004.835446647568,0.011413187777739961,2.39628989192735,0.13068040736784758,[890.81081081],[0.1420936],[187.38738739],[0.11926722],0.01339535726849792,0.0068318031501014625
route_2,1440.0,3.0,1.1102230246251565e-16,1.1102230246251565e-16,1.1102230246251565e-16,1.3322676295501878e-16,0.7094589696331627,0.4625240651276751,0.4614756725368968,8538.420873241674,0.024896596636942082,2.0943951023931957,0.14981874748460394,[504.5045045 960.       ],[0.16334372 0.17471534],[ 193.15315315 1288.64864865],[0.12492215 0.13903446],0.029777586089408146,0.01518694696567481
route_3,1440.0,3.0,1.1102230246251565e-16,1.1102230246251565e-16,1.9872992140790302e-14,1.9872992140790302e-14,1.0067531611939604,0.5164392184637798,0.515495685231514,7995.827519128692,0.0281124975698525,2.182447749340657,0.16222258515795035,[939.81981982],[0.19033421],[ 196.03603604 1352.07207207],[0.13411009 0.13428646],0.035477908480411505,0.018094181440847113
route_4,1440.0,3.0,1.1102230246251565e-16,1.1102230246251565e-16,1.1102230246251565e-16,1.3322676295501878e-16,1.0149915002671956,0.41243291187474196,0.41128681222300223,7986.359081318933,0.023574500580732453,-2.213895123250465,0.13909113591475672,[507.38738739 971.53153153],[0.16120075 0.16266564],[170.09009009],[0.11551754],0.03561697649540497,0.01816511021038753
route_5,1440.0,3.0,1.1102230246251565e-16,1.1102230246251565e-16,1.1102230246251565e-16,1.3322676295501878e-16,0.12158212799052368,0.23070378880915132,0.22920223472094536,11249.189647213003,0.006236786793923033,2.207605648468503,0.059231120418249975,[469.90990991 934.05405405],[0.06118193 0.06546791],[ 164.32432432  663.06306306 1268.46846847],[0.05299467 0.05841128 0.05569152],0.012331106889853024,0.006289019460488724
