auc,precision,recall,f1,accuracy,model,mcc
0.9605000000000001,0.9271007234279355,0.9996,0.9619863343277836,0.9605,ARS,0.9238290498918157
0.9864,0.9943089430894309,0.9784,0.9862903225806452,0.9864,JTK,0.9729245423126341
0.9505,1.0,0.901,0.9479221462388217,0.9505,LS,0.9054480740167673
0.9877999999999999,0.9776733254994124,0.9984,0.9879279635859886,0.9878,meta2d,0.9758193107600404
0.8764,0.8565744600227359,0.9042,0.87974314068885,0.8764,Cosinor,0.7539662926745759
0.9718,0.946949602122016,0.9996,0.9725627553998833,0.9718,Cosinor1,0.9450618939528824
0.8755,0.800640512409928,1.0,0.889284126278346,0.8755,Cosinor1(amp),0.775423126312245
0.9229,0.8664009703690868,1.0,0.9284189026088571,0.9229,Rain,0.8560385159198001
