auc,precision,recall,f1,accuracy,model,mcc
0.9811000000000001,0.9637555427029111,0.9998,0.9814469421812114,0.9811,ARS,0.9628736502246749
0.9881999999999999,0.9953327922077922,0.981,0.9881144238517324,0.9882,JTK,0.9765012488985008
0.9495,1.0,0.899,0.94681411269089,0.9495,LS,0.9036207317700554
0.9911999999999999,0.9844181459566075,0.9982,0.9912611717974181,0.9912,meta2d,0.9824962893547664
0.8842,0.869707467282525,0.9038,0.8864260494311494,0.8842,Cosinor,0.7689910583582316
0.9802000000000001,0.9620862201693611,0.9998,0.9805806198509219,0.9802,Cosinor1,0.9611387460271286
0.9001,0.8335834583958646,0.9998,0.9091570428298628,0.9001,Cosinor1(amp),0.8165987896962786
0.9389,0.8913857677902621,0.9996,0.9423965305930045,0.9389,Rain,0.8843408795154106
