auc,precision,recall,f1,accuracy,model,mcc
0.9826,0.9667311411992263,0.9996,0.9828908554572272,0.9826,ARS,0.9657583697532386
0.9784,0.9983333333333333,0.9584,0.9779591836734695,0.9784,JTK,0.9575663597544211
0.8341000000000001,1.0,0.6682,0.8011029852535667,0.8341,LS,0.7083268920731014
0.9904999999999999,0.9843966028046612,0.9968,0.9905594753055749,0.9905,meta2d,0.9810778810534198
0.8897999999999999,0.8811106765741102,0.9012,0.8910421198338935,0.8898,Cosinor,0.77980271266904
0.9874,0.9765350019554165,0.9988,0.9875420209610442,0.9874,Cosinor1,0.9750534688427145
0.9207000000000001,0.8632360559488862,0.9998,0.9265128347697155,0.9207,Cosinor1(amp),0.8521308071592312
0.9466000000000001,0.9039435600578871,0.9994,0.9492781155015197,0.9466,Rain,0.8982222402349261
