auc,precision,recall,f1,accuracy,model,mcc
0.9923000000000002,0.985598737423555,0.9992,0.9923527659151853,0.9923,ARS,0.9846937670049539
0.9790000000000001,0.9977140482128013,0.9602,0.9785976355483081,0.979,JTK,0.9586779099261972
0.8343,1.0,0.6686,0.8013903871509048,0.8343,LS,0.7086452979661813
0.9941,0.9908603218756209,0.9974,0.9941194059603309,0.9941,meta2d,0.9882215236991818
0.8947999999999999,0.8904272151898734,0.9004,0.8953858392999204,0.8948,Cosinor,0.7896495283716779
0.9929,0.9873442752620131,0.9986,0.992940240628418,0.9929,Cosinor1,0.9858640635283397
0.9415,0.8953967401038868,0.9998,0.9447226684305017,0.9415,Cosinor1(amp),0.8890643464175892
0.9618000000000001,0.9298212956068503,0.999,0.9631700732741999,0.9618,Rain,0.9261668906752576
