auc,precision,recall,f1,accuracy,model,mcc
0.9565,0.9199632014719411,1.0,0.9583133684714902,0.9565,ARS,0.9164749876258939
0.9819,0.9650646593321752,1.0,0.9822217856792064,0.9819,JTK,0.9644321223727207
1.0,1.0,1.0,1.0,1.0,LS,1.0
0.9713999999999999,0.9458948164964056,1.0,0.9721952167995334,0.9714,meta2d,0.9443461404552946
0.8686,0.8423105497771174,0.907,0.8734591679506933,0.8686,Cosinor,0.7393837562651706
0.7323,0.6512960791976032,1.0,0.7888301648655045,0.7323,Cosinor1,0.5500837739792063
0.9616,0.9286775631500743,1.0,0.963020030816641,0.9616,Cosinor1(p),0.9259347311231763
0.845,0.7633587786259542,1.0,0.8658008658008659,0.845,Rain,0.7257530966188904
