auc,precision,recall,f1,accuracy,model,mcc
0.9871,0.9748488984207447,1.0,0.9872642906506072,0.9871,ARS,0.9745243952008024
0.9948,0.9897070467141726,1.0,0.9948269001193792,0.9948,JTK,0.9896535219097365
1.0,1.0,1.0,1.0,1.0,LS,1.0
0.9844999999999999,0.9699321047526673,1.0,0.9847365829640571,0.9845,meta2d,0.9694659403534168
0.8919999999999999,0.8846153846153846,0.9016,0.8930269413629159,0.892,Cosinor,0.7841445468455397
0.8049,0.719320961012804,1.0,0.8367500627562547,0.8049,Cosinor1,0.6623004771443305
0.9904000000000001,0.9811616954474097,1.0,0.9904912836767037,0.9904,Cosinor1(q),0.9809808310537058
0.8992,0.8322237017310253,1.0,0.9084302325581396,0.8992,Rain,0.815136432422236
