auc,precision,recall,f1,accuracy,model,mcc
0.9905,0.9824906551249262,0.9988,0.9905782009322622,0.9905,ARS,0.9811351901203839
0.9782000000000001,0.9985404503753128,0.9578,0.9777460187831768,0.9782,JTK,0.9571970260572432
0.8138000000000001,1.0,0.6276,0.7711968542639469,0.8138,LS,0.6762403998599892
0.9941000000000001,0.992818671454219,0.9954,0.9941076600419454,0.9941,meta2d,0.9882033401329344
0.8920000000000001,0.886435331230284,0.8992,0.8927720413026211,0.892,Cosinor,0.7840812977636467
0.9298000000000001,0.8771498771498771,0.9996,0.9343802579921481,0.9298,Cosinor1,0.8681004586556049
0.9904000000000001,0.9834384858044164,0.9976,0.9904686258935663,0.9904,Cosinor1(q),0.98090170516146
0.9696,0.9438563327032136,0.9986,0.9704567541302236,0.9696,Rain,0.9407837312760405
