auc,precision,recall,f1,accuracy,model,mcc
0.9994999999999999,0.9992004797121727,0.9998,0.9995001499550135,0.9995,ARS,0.9990001798200486
0.8404,1.0,0.6808,0.8100904331270823,0.8404,JTK,0.718380362805136
0.6834,1.0,0.3668,0.5367281240854551,0.6834,LS,0.4739090233679731
0.9977,1.0,0.9954,0.9976946978049513,0.9977,meta2d,0.9954105314991352
0.9001999999999999,0.9002,0.9002,0.9001999999999999,0.9002,Cosinor,0.8004
0.9894999999999999,0.9794319294809011,1.0,0.9896091044037605,0.9895,Rain,0.9792159409250863
