auc,precision,recall,f1,accuracy,model,mcc
0.9381000000000002,0.9806890498134738,0.8938,0.9352307209375327,0.9381,ARS,0.8796594482499458
0.7446,0.9975589910496339,0.4904,0.6575489407347814,0.7446,JTK,0.5680966775870949
0.5,0.0,0.0,0.0,0.5,LS,0.0
0.9079,0.9918013021461297,0.8226,0.8993112495900296,0.9079,meta2d,0.827937255830019
0.8370000000000001,0.8974056603773585,0.761,0.8235930735930737,0.837,Cosinor,0.6819236158633293
0.9571000000000001,0.9482251421847421,0.967,0.9575205465887711,0.9571,Cosinor1,0.9143792541918323
0.9186000000000001,0.9936320754716981,0.8426,0.9119047619047619,0.9186,Cosinor1(q),0.8470422124640642
0.9314,0.9713723776223776,0.889,0.9283625730994152,0.9314,Rain,0.8659190466649809
