auc,precision,recall,f1,accuracy,model,mcc
0.841,0.7587253414264037,1.0,0.8628127696289906,0.841,ARS,0.7193404498933779
0.9672,0.9548286604361371,0.9808,0.9676400947119178,0.9672,JTK,0.9347458451623996
0.9421,0.9961840628507295,0.8876,0.938762559492332,0.9421,LS,0.8894998628905254
0.9261999999999999,0.8725524475524475,0.9982,0.9311567164179105,0.9262,meta2d,0.8613775457876554
0.8241999999999999,0.7735403307458657,0.9168,0.8390993959362987,0.8242,Cosinor,0.6598142254566222
0.7457,0.6628662335940607,1.0,0.7972574344255761,0.7457,Cosinor1,0.5707297672174821
0.9072,0.843570705366183,0.9998,0.9150649826102875,0.9072,Cosinor1(p),0.8287364361688357
0.8362,0.7533916189327706,0.9996,0.8592057761732853,0.8362,Rain,0.7114639835663129
