auc,precision,recall,f1,accuracy,model,mcc
0.9599,0.9380834444656125,0.9848,0.9608742316323544,0.9599,ARS,0.9209426962851835
0.9365,0.9952348536419333,0.8772,0.9324970766450517,0.9365,JTK,0.8792053317791828
0.7843,1.0,0.5686,0.7249776871095244,0.7843,LS,0.6302646092825822
0.9749,0.9829164124466138,0.9666,0.974689926389029,0.9749,meta2d,0.9499308904957601
0.8812,0.8693798449612403,0.8972,0.8830708661417324,0.8812,Cosinor,0.7627906488439269
0.9516000000000001,0.9153789551140544,0.9952,0.9536220774243005,0.9516,Rain,0.9066536021504124
