auc,precision,recall,f1,accuracy,model,mcc
0.9543999999999999,0.9556758924989972,0.953,0.9543360704986982,0.9544,ARS,0.9088035625169476
0.847,0.9920589903573455,0.6996,0.82054890921886,0.847,JTK,0.7262764686889327
0.6863,0.9989287627209427,0.373,0.5431775156545798,0.6863,LS,0.47809621972482114
0.9322,0.9808633733867379,0.8816,0.9285864756688436,0.9322,meta2d,0.8688606423106301
0.8668,0.8893842887473461,0.8378,0.8628218331616889,0.8668,Cosinor,0.7348370371210641
0.9561999999999999,0.930377358490566,0.9862,0.9574757281553399,0.9562,Cosinor1,0.914046767608832
0.9594,0.9876857749469214,0.9304,0.9581874356333677,0.9594,Cosinor1(p),0.9203493316614417
0.9570000000000001,0.9697779605263158,0.9434,0.9564071370640713,0.957,Rain,0.9143382946044876
