auc,precision,recall,f1,accuracy,model,mcc
0.9794999999999999,0.9606147934678194,1.0,0.9799118079372856,0.9795,ARS,0.9598070571399435
0.9996999999999999,0.9994003597841296,1.0,0.9997000899730081,0.9997,JTK,0.9994001798920487
1.0,1.0,1.0,1.0,1.0,LS,1.0
0.9934000000000001,0.9869719699960521,1.0,0.9934432743890325,0.9934,meta2d,0.9868859812521933
0.8945000000000001,0.8894373149062191,0.901,0.8951813214108296,0.8945,Cosinor,0.7890666789516761
0.9934999999999999,0.9871668311944719,1.0,0.9935419771485345,0.9935,Cosinor1,0.9870834120726291
0.8388,0.7562008469449486,1.0,0.861178091629349,0.8388,Cosinor1(amp),0.7158223899054131
0.9538,0.9154155986818016,1.0,0.9558401835213153,0.9538,Rain,0.9114994225799614
