auc,precision,recall,f1,accuracy,model,mcc
0.9749999999999999,0.9972780569514238,0.9526,0.9744271685761048,0.975,ARS,0.9509547814540474
0.6246,1.0,0.2492,0.39897534422030095,0.6246,JTK,0.37727302130186696
0.5,0.0,0.0,0.0,0.5,LS,0.0
0.9314999999999999,0.9993057162693821,0.8636,0.9265100311125416,0.9315,meta2d,0.8710693498144011
0.8996999999999999,0.8994603238057166,0.9,0.8997300809757073,0.8997,Cosinor,0.7994001438920388
0.9935,0.9922202274087373,0.9948,0.993508439029262,0.9935,Cosinor1,0.9870033360769139
0.9645,1.0,0.929,0.9631933644375325,0.9645,Cosinor1(q),0.9313504346482662
0.9972,0.9993973483326637,0.995,0.9971938264181198,0.9972,Rain,0.9944096259317687
