auc,precision,recall,f1,accuracy,model,mcc
0.9954000000000001,0.9918586179507546,0.999,0.9954165005978478,0.9954,ARS,0.9908256825345413
0.9783,1.0,0.9566,0.9778186650311765,0.9783,JTK,0.9575021814328808
0.8265,1.0,0.653,0.7900786448880823,0.8265,LS,0.6962621595371004
0.9972999999999999,0.9973994798959792,0.9972,0.9972997299729973,0.9973,meta2d,0.9946000198920005
0.8972,0.8970411835265893,0.8974,0.8972205558888222,0.8972,Cosinor,0.7944000635520075
0.9783000000000001,0.9584052137243627,1.0,0.9787608887148871,0.9783,Cosinor1,0.9575021814328808
0.9968,0.9966013594562175,0.997,0.9968006398720255,0.9968,Cosinor1(q),0.9936000794880094
0.9889,0.9809167814282904,0.9972,0.9889913716155906,0.9889,Rain,0.977934749133243
