line,periods,phase,amplitude,power,frequencies
0,512.5382079712316,2.9259452853188206,0.004157759062055654,23.10405673595488,0.001984160465550525
1,801.530316651683,2.7515753529792186,0.00206691765987254,13.917503391824482,0.001582069220151288
2,505.4759764259314,2.9738434940876726,0.007777704725992935,26.27803289073139,0.0020003680070896984
3,818.7313954649885,2.552614702802926,0.004953386965526309,14.053375765411346,0.0013126598008482613
4,520.8590550394566,2.874226894659348,0.007690777113089872,23.474586209948598,0.0019443140682523868
5,495.0574368194985,2.993941106205583,0.0018838645971052358,19.5532690709445,0.0020541741368996012
