auc,precision,recall,f1,accuracy,model,mcc
0.973,0.9565637065637066,0.991,0.9734774066797642,0.973,ARS,0.9466136044880178
0.9568000000000001,0.9952298352124892,0.918,0.955056179775281,0.9568,JTK,0.9163632258615858
0.6712,1.0,0.3424,0.5101311084624552,0.6712,LS,0.4544928014432204
0.9814,0.9760680379746836,0.987,0.9815035799522672,0.9814,meta2d,0.9628603924977855
0.8818,0.8771236665349664,0.888,0.8825283243887896,0.8818,Cosinor,0.7636587123387937
0.8536000000000001,0.7735995047972763,0.9998,0.8722735997208166,0.8536,Cosinor1,0.7395199002399184
0.9731,0.9529006318207927,0.9954,0.973686784701164,0.9731,Cosinor1(q),0.9471424778837848
0.9606999999999999,0.9291969442891745,0.9974,0.9620912510851741,0.9607,Rain,0.9238921232729574
