auc,precision,recall,f1,accuracy,model,mcc
0.9702000000000001,0.9442554799697657,0.9994,0.9710454722114262,0.9702,ARS,0.9420077590017358
0.976,0.9968684759916493,0.955,0.975485188968335,0.976,JTK,0.9528407765109834
0.8214,1.0,0.6428,0.7825663501339177,0.8214,LS,0.6882021238541304
0.9905999999999999,0.9845910707230344,0.9968,0.990657920890479,0.9906,meta2d,0.9812754433562393
0.8895,0.881488736532811,0.9,0.8906481939633845,0.8895,Cosinor,0.7791718263336489
0.9163,0.8566044200788077,1.0,0.9227646027498385,0.9163,Cosinor1,0.8445169270995195
0.9876999999999999,0.9776689520078354,0.9982,0.9878278080158338,0.9877,Cosinor1(q),0.9756151468624404
0.9656,0.9366091522880721,0.9988,0.9667053813395278,0.9656,Rain,0.9332596248866429
