auc,precision,recall,f1,accuracy,model,mcc
0.9753000000000001,0.952925481227368,1.0,0.9758953840148336,0.9753,ARS,0.9517620303703737
0.9947999999999999,0.999394428744449,0.9902,0.9947759694595139,0.9948,JTK,0.9896418825307218
0.8984,1.0,0.7968,0.8869100623330365,0.8984,LS,0.8137776370441692
0.9984999999999999,0.997405707443624,0.9996,0.9985016481869943,0.9985,meta2d,0.9970024127487583
0.8289,0.7783985102420856,0.9196,0.8431282662510314,0.8289,Cosinor,0.6688974121292427
0.9182,0.8594018563080096,1.0,0.9243852837862822,0.9182,Cosinor1,0.8478229252715564
0.998,0.9960159362549801,1.0,0.998003992015968,0.998,Cosinor1(p),0.9960079680956173
0.9506,0.9100837277029487,1.0,0.952925481227368,0.9506,Rain,0.9056309708738418
