auc,precision,recall,f1,accuracy,model,mcc
0.9181999999999999,0.9874125874125874,0.8472,0.9119483315392896,0.9182,ARS,0.8449622921480984
0.7027,1.0,0.4054,0.5769176035292444,0.7027,JTK,0.5042152680137536
0.5,0.0,0.0,0.0,0.5,LS,0.0
0.8889000000000001,0.9961724929829038,0.7808,0.8754344657472811,0.8889,meta2d,0.7966412854467073
0.766,0.8953626634958383,0.6024,0.7202295552367288,0.766,Cosinor,0.5629897064366503
0.9058999999999999,0.9958465673100415,0.8152,0.8965138018255802,0.9059,Cosinor1,0.8254954684805704
0.9617,0.9660811629315567,0.957,0.9615191399578017,0.9617,Cosinor1(amp),0.9234407985157375
0.9259,0.9823329558323896,0.8674,0.92129580456718,0.9259,Rain,0.8576906928375625
