auc,precision,recall,f1,accuracy,model,mcc
0.9441999999999999,0.9924611973392461,0.8952,0.9413249211356467,0.9442,ARS,0.8926970735119533
0.7533000000000001,0.9992116673236106,0.507,0.6726814382380258,0.7533,JTK,0.5821276599191165
0.5,0.0,0.0,0.0,0.5,LS,0.0
0.9131000000000001,0.9949676491732566,0.8304,0.9052654529597732,0.9131,meta2d,0.8377385362187756
0.8368999999999999,0.8949589683470105,0.7634,0.8239611440906638,0.8369,Cosinor,0.6812002240164249
0.9682,0.9712157809983897,0.965,0.9680979133226323,0.9682,Cosinor1,0.936419178061152
0.9241,0.9971864009378664,0.8506,0.9180787911494873,0.9241,Cosinor1(q),0.8575156277986518
0.9404999999999999,0.988034566807002,0.8918,0.9374540103016924,0.9405,Rain,0.8852088881010606
