auc,precision,recall,f1,accuracy,model,mcc
0.9866,0.977808326787117,0.9958,0.9867221561632977,0.9866,ARS,0.9733647851394234
0.9809000000000001,0.9985486211901307,0.9632,0.980555838338593,0.9809,JTK,0.9624032116437703
0.9254,1.0,0.8508,0.9193862113680571,0.9254,LS,0.8604307681951778
0.9928,0.9931945556445156,0.9924,0.992797118847539,0.9928,meta2d,0.9856003153921514
0.8815999999999999,0.8835946924004825,0.879,0.881291357529577,0.8816,Cosinor,0.7632103186732632
0.9083,0.8450228156160217,1.0,0.9160025648071816,0.9083,Cosinor1,0.8306898526116971
0.9830000000000001,0.967479674796748,0.9996,0.9832775919732442,0.983,Cosinor1(p),0.9665328224341312
0.9666000000000001,0.93836903419767,0.9988,0.9676419298585546,0.9666,Rain,0.9351411984036577
