auc,precision,recall,f1,accuracy,model,mcc
0.9930000000000001,0.9997972424979724,0.9862,0.9929520741039065,0.993,ARS,0.986091197931172
0.9489000000000001,1.0,0.8978,0.9461481715670776,0.9489,JTK,0.9025257407721431
0.5,0.0,0.0,0.0,0.5,LS,0.0
0.9909,0.9995929167514757,0.9822,0.9908201351760315,0.9909,meta2d,0.9819486586407694
0.8785999999999999,0.8942107455226989,0.8588,0.876147724954091,0.8786,Cosinor,0.7577944045585182
0.9933,0.9871617618013036,0.9996,0.9933419457418264,0.9933,Cosinor1,0.9866783256343566
0.9965999999999999,0.9997987117552335,0.9934,0.9965890850722311,0.9966,Cosinor1(q),0.9932203413608888
0.9943,0.9943988797759552,0.9942,0.9942994299429943,0.9943,Rain,0.9886000197720005
