auc,precision,recall,f1,accuracy,model,mcc
0.91,0.9975728155339806,0.822,0.9013157894736842,0.91,ARS,0.8330030386975552
0.661,1.0,0.322,0.48714069591527986,0.661,JTK,0.4380583445501704
0.5,0.0,0.0,0.0,0.5,LS,0.0
0.8624,0.9991735537190083,0.7254,0.8405561993047509,0.8624,meta2d,0.7536421160904361
0.765,0.8964691801316577,0.5992,0.7182929753056821,0.765,Cosinor,0.5617857976772653
0.9645,0.9831495735385896,0.9452,0.9638013663709596,0.9645,Cosinor1,0.9296928607673269
0.8736,0.9994652406417113,0.7476,0.8553775743707094,0.8736,Cosinor1(q),0.7721183960921049
0.9238000000000001,0.9925615992561599,0.854,0.9180821328746507,0.9238,Rain,0.8559817924109944
