auc,precision,recall,f1,accuracy,model,mcc
0.8719999999999999,0.991283676703645,0.7506,0.8543136808559071,0.872,ARS,0.7669499272886038
0.6003999999999999,0.997029702970297,0.2014,0.33510815307820296,0.6004,JTK,0.33319093718009435
0.5,0.0,0.0,0.0,0.5,LS,0.0
0.8213999999999999,0.9956816779765577,0.6456,0.783305023052657,0.8214,meta2d,0.6866418560485884
0.8271999999999999,0.9011770475723394,0.735,0.8096497025776602,0.8272,Cosinor,0.6658179246864241
0.8501,0.9977253340915553,0.7018,0.8239990607021251,0.8501,Cosinor1,0.7331923345416779
0.9511999999999999,0.9692179700499168,0.932,0.9502446982055466,0.9512,Cosinor1(amp),0.903066058169632
0.9418000000000001,0.988716814159292,0.8938,0.9388655462184874,0.9418,Rain,0.887699989794785
