auc,precision,recall,f1,accuracy,model,mcc
0.9292999999999999,0.966529015431428,0.8894,0.9263618373086138,0.9293,ARS,0.8613469259571073
0.7706999999999999,0.9941584519897773,0.5446,0.7037084894689236,0.7707,JTK,0.6070074498873904
0.6288,0.9992248062015504,0.2578,0.40985691573926863,0.6288,LS,0.3842482784203768
0.8838,0.9858227848101265,0.7788,0.8701675977653631,0.8838,meta2d,0.7851067934098327
0.8399,0.880797669728882,0.7862,0.8308147521927507,0.8399,Cosinor,0.6837549122252966
0.9267000000000001,0.9780416760026888,0.873,0.922540420585438,0.9267,Cosinor1,0.8583648751001297
0.9394,0.9143719351188231,0.9696,0.9411764705882354,0.9394,Cosinor1(amp),0.880407400885218
0.9282999999999999,0.9541887592788971,0.8998,0.9261966031909418,0.9283,Rain,0.8579949467583277
